,0
0,001.Black_footed_Albatross/Black_Footed_Albatross_0056_796078.jpg
1,001.Black_footed_Albatross/Black_Footed_Albatross_0014_89.jpg
2,001.Black_footed_Albatross/Black_Footed_Albatross_0081_426.jpg
3,001.Black_footed_Albatross/Black_Footed_Albatross_0067_170.jpg
4,001.Black_footed_Albatross/Black_Footed_Albatross_0040_796066.jpg
5,002.Laysan_Albatross/Laysan_Albatross_0005_565.jpg
6,002.Laysan_Albatross/Laysan_Albatross_0081_800.jpg
7,002.Laysan_Albatross/Laysan_Albatross_0076_671.jpg
8,002.Laysan_Albatross/Laysan_Albatross_0083_756.jpg
9,002.Laysan_Albatross/Laysan_Albatross_0061_563.jpg
10,003.Sooty_Albatross/Sooty_Albatross_0001_1071.jpg
11,003.Sooty_Albatross/Sooty_Albatross_0014_796373.jpg
12,003.Sooty_Albatross/Sooty_Albatross_0019_796391.jpg
13,003.Sooty_Albatross/Sooty_Albatross_0034_1154.jpg
14,003.Sooty_Albatross/Sooty_Albatross_0074_1221.jpg
15,004.Groove_billed_Ani/Groove_Billed_Ani_0002_1670.jpg
16,004.Groove_billed_Ani/Groove_Billed_Ani_0051_1650.jpg
17,004.Groove_billed_Ani/Groove_Billed_Ani_0105_1562.jpg
18,004.Groove_billed_Ani/Groove_Billed_Ani_0085_1612.jpg
19,004.Groove_billed_Ani/Groove_Billed_Ani_0055_1501.jpg
20,005.Crested_Auklet/Crested_Auklet_0052_794952.jpg
21,005.Crested_Auklet/Crested_Auklet_0030_794937.jpg
22,005.Crested_Auklet/Crested_Auklet_0067_785249.jpg
23,005.Crested_Auklet/Crested_Auklet_0073_785248.jpg
24,005.Crested_Auklet/Crested_Auklet_0001_794941.jpg
25,006.Least_Auklet/Least_Auklet_0038_795132.jpg
26,006.Least_Auklet/Least_Auklet_0057_795126.jpg
27,006.Least_Auklet/Least_Auklet_0007_795123.jpg
28,006.Least_Auklet/Least_Auklet_0052_795088.jpg
29,006.Least_Auklet/Least_Auklet_0035_1888.jpg
30,007.Parakeet_Auklet/Parakeet_Auklet_0025_795975.jpg
31,007.Parakeet_Auklet/Parakeet_Auklet_0027_795925.jpg
32,007.Parakeet_Auklet/Parakeet_Auklet_0047_795956.jpg
33,007.Parakeet_Auklet/Parakeet_Auklet_0043_795948.jpg
34,007.Parakeet_Auklet/Parakeet_Auklet_0035_795934.jpg
35,008.Rhinoceros_Auklet/Rhinoceros_Auklet_0005_2111.jpg
36,008.Rhinoceros_Auklet/Rhinoceros_Auklet_0029_797520.jpg
37,008.Rhinoceros_Auklet/Rhinoceros_Auklet_0008_797531.jpg
38,008.Rhinoceros_Auklet/Rhinoceros_Auklet_0006_797512.jpg
39,008.Rhinoceros_Auklet/Rhinoceros_Auklet_0014_797522.jpg
40,009.Brewer_Blackbird/Brewer_Blackbird_0078_2659.jpg
41,009.Brewer_Blackbird/Brewer_Blackbird_0135_2607.jpg
42,009.Brewer_Blackbird/Brewer_Blackbird_0045_2303.jpg
43,009.Brewer_Blackbird/Brewer_Blackbird_0112_2340.jpg
44,009.Brewer_Blackbird/Brewer_Blackbird_0064_2290.jpg
45,010.Red_winged_Blackbird/Red_Winged_Blackbird_0025_5342.jpg
46,010.Red_winged_Blackbird/Red_Winged_Blackbird_0023_5257.jpg
47,010.Red_winged_Blackbird/Red_Winged_Blackbird_0066_5070.jpg
48,010.Red_winged_Blackbird/Red_Winged_Blackbird_0021_3767.jpg
49,010.Red_winged_Blackbird/Red_Winged_Blackbird_0054_4625.jpg
50,011.Rusty_Blackbird/Rusty_Blackbird_0016_6684.jpg
51,011.Rusty_Blackbird/Rusty_Blackbird_0085_6713.jpg
52,011.Rusty_Blackbird/Rusty_Blackbird_0102_6590.jpg
53,011.Rusty_Blackbird/Rusty_Blackbird_0091_6695.jpg
54,011.Rusty_Blackbird/Rusty_Blackbird_0101_6880.jpg
55,012.Yellow_headed_Blackbird/Yellow_Headed_Blackbird_0007_8366.jpg
56,012.Yellow_headed_Blackbird/Yellow_Headed_Blackbird_0017_8511.jpg
57,012.Yellow_headed_Blackbird/Yellow_Headed_Blackbird_0070_8583.jpg
58,012.Yellow_headed_Blackbird/Yellow_Headed_Blackbird_0077_8332.jpg
59,012.Yellow_headed_Blackbird/Yellow_Headed_Blackbird_0057_8236.jpg
60,013.Bobolink/Bobolink_0019_10552.jpg
61,013.Bobolink/Bobolink_0124_10182.jpg
62,013.Bobolink/Bobolink_0013_9367.jpg
63,013.Bobolink/Bobolink_0117_10215.jpg
64,013.Bobolink/Bobolink_0050_9821.jpg
65,014.Indigo_Bunting/Indigo_Bunting_0041_13987.jpg
66,014.Indigo_Bunting/Indigo_Bunting_0005_13832.jpg
67,014.Indigo_Bunting/Indigo_Bunting_0047_12966.jpg
68,014.Indigo_Bunting/Indigo_Bunting_0032_12215.jpg
69,014.Indigo_Bunting/Indigo_Bunting_0026_11964.jpg
70,015.Lazuli_Bunting/Lazuli_Bunting_0055_15043.jpg
71,015.Lazuli_Bunting/Lazuli_Bunting_0031_15018.jpg
72,015.Lazuli_Bunting/Lazuli_Bunting_0087_15096.jpg
73,015.Lazuli_Bunting/Lazuli_Bunting_0027_14895.jpg
74,015.Lazuli_Bunting/Lazuli_Bunting_0054_14714.jpg
75,016.Painted_Bunting/Painted_Bunting_0079_15197.jpg
76,016.Painted_Bunting/Painted_Bunting_0060_15224.jpg
77,016.Painted_Bunting/Painted_Bunting_0025_16722.jpg
78,016.Painted_Bunting/Painted_Bunting_0091_15198.jpg
79,016.Painted_Bunting/Painted_Bunting_0036_16563.jpg
80,017.Cardinal/Cardinal_0066_17803.jpg
81,017.Cardinal/Cardinal_0028_18054.jpg
82,017.Cardinal/Cardinal_0051_17223.jpg
83,017.Cardinal/Cardinal_0085_19162.jpg
84,017.Cardinal/Cardinal_0039_17597.jpg
85,018.Spotted_Catbird/Spotted_Catbird_0027_796796.jpg
86,018.Spotted_Catbird/Spotted_Catbird_0019_796788.jpg
87,018.Spotted_Catbird/Spotted_Catbird_0022_796821.jpg
88,018.Spotted_Catbird/Spotted_Catbird_0010_19436.jpg
89,018.Spotted_Catbird/Spotted_Catbird_0041_796807.jpg
90,019.Gray_Catbird/Gray_Catbird_0129_20987.jpg
91,019.Gray_Catbird/Gray_Catbird_0103_20930.jpg
92,019.Gray_Catbird/Gray_Catbird_0091_20416.jpg
93,019.Gray_Catbird/Gray_Catbird_0006_20867.jpg
94,019.Gray_Catbird/Gray_Catbird_0050_20763.jpg
95,020.Yellow_breasted_Chat/Yellow_Breasted_Chat_0073_21932.jpg
96,020.Yellow_breasted_Chat/Yellow_Breasted_Chat_0032_21823.jpg
97,020.Yellow_breasted_Chat/Yellow_Breasted_Chat_0090_21931.jpg
98,020.Yellow_breasted_Chat/Yellow_Breasted_Chat_0052_21866.jpg
99,020.Yellow_breasted_Chat/Yellow_Breasted_Chat_0097_21748.jpg
100,021.Eastern_Towhee/Eastern_Towhee_0074_22620.jpg
101,021.Eastern_Towhee/Eastern_Towhee_0035_22223.jpg
102,021.Eastern_Towhee/Eastern_Towhee_0038_22399.jpg
103,021.Eastern_Towhee/Eastern_Towhee_0007_22172.jpg
104,021.Eastern_Towhee/Eastern_Towhee_0052_22558.jpg
105,022.Chuck_will_Widow/Chuck_Will_Widow_0056_796996.jpg
106,022.Chuck_will_Widow/Chuck_Will_Widow_0057_796970.jpg
107,022.Chuck_will_Widow/Chuck_Will_Widow_0037_796961.jpg
108,022.Chuck_will_Widow/Chuck_Will_Widow_0007_796958.jpg
109,022.Chuck_will_Widow/Chuck_Will_Widow_0006_796986.jpg
110,023.Brandt_Cormorant/Brandt_Cormorant_0080_23002.jpg
111,023.Brandt_Cormorant/Brandt_Cormorant_0063_22865.jpg
112,023.Brandt_Cormorant/Brandt_Cormorant_0068_23019.jpg
113,023.Brandt_Cormorant/Brandt_Cormorant_0006_22925.jpg
114,023.Brandt_Cormorant/Brandt_Cormorant_0087_23126.jpg
115,024.Red_faced_Cormorant/Red_Faced_Cormorant_0070_796319.jpg
116,024.Red_faced_Cormorant/Red_Faced_Cormorant_0073_796332.jpg
117,024.Red_faced_Cormorant/Red_Faced_Cormorant_0050_796276.jpg
118,024.Red_faced_Cormorant/Red_Faced_Cormorant_0049_796279.jpg
119,024.Red_faced_Cormorant/Red_Faced_Cormorant_0052_796316.jpg
120,025.Pelagic_Cormorant/Pelagic_Cormorant_0093_23722.jpg
121,025.Pelagic_Cormorant/Pelagic_Cormorant_0035_23849.jpg
122,025.Pelagic_Cormorant/Pelagic_Cormorant_0084_23836.jpg
123,025.Pelagic_Cormorant/Pelagic_Cormorant_0061_23548.jpg
124,025.Pelagic_Cormorant/Pelagic_Cormorant_0022_23802.jpg
125,026.Bronzed_Cowbird/Bronzed_Cowbird_0057_24074.jpg
126,026.Bronzed_Cowbird/Bronzed_Cowbird_0074_24045.jpg
127,026.Bronzed_Cowbird/Bronzed_Cowbird_0027_24022.jpg
128,026.Bronzed_Cowbird/Bronzed_Cowbird_0044_24145.jpg
129,026.Bronzed_Cowbird/Bronzed_Cowbird_0018_24140.jpg
130,027.Shiny_Cowbird/Shiny_Cowbird_0045_796856.jpg
131,027.Shiny_Cowbird/Shiny_Cowbird_0075_24335.jpg
132,027.Shiny_Cowbird/Shiny_Cowbird_0061_796874.jpg
133,027.Shiny_Cowbird/Shiny_Cowbird_0036_24274.jpg
134,027.Shiny_Cowbird/Shiny_Cowbird_0063_24259.jpg
135,028.Brown_Creeper/Brown_Creeper_0083_24967.jpg
136,028.Brown_Creeper/Brown_Creeper_0058_24933.jpg
137,028.Brown_Creeper/Brown_Creeper_0106_24617.jpg
138,028.Brown_Creeper/Brown_Creeper_0043_24549.jpg
139,028.Brown_Creeper/Brown_Creeper_0118_24500.jpg
140,029.American_Crow/American_Crow_0016_25112.jpg
141,029.American_Crow/American_Crow_0116_25199.jpg
142,029.American_Crow/American_Crow_0036_25313.jpg
143,029.American_Crow/American_Crow_0012_25305.jpg
144,029.American_Crow/American_Crow_0020_25618.jpg
145,030.Fish_Crow/Fish_Crow_0001_26031.jpg
146,030.Fish_Crow/Fish_Crow_0025_25893.jpg
147,030.Fish_Crow/Fish_Crow_0060_26016.jpg
148,030.Fish_Crow/Fish_Crow_0010_25836.jpg
149,030.Fish_Crow/Fish_Crow_0011_25866.jpg
150,031.Black_billed_Cuckoo/Black_Billed_Cuckoo_0019_795329.jpg
151,031.Black_billed_Cuckoo/Black_Billed_Cuckoo_0070_795310.jpg
152,031.Black_billed_Cuckoo/Black_Billed_Cuckoo_0090_26311.jpg
153,031.Black_billed_Cuckoo/Black_Billed_Cuckoo_0086_26188.jpg
154,031.Black_billed_Cuckoo/Black_Billed_Cuckoo_0001_26242.jpg
155,032.Mangrove_Cuckoo/Mangrove_Cuckoo_0038_794600.jpg
156,032.Mangrove_Cuckoo/Mangrove_Cuckoo_0028_26358.jpg
157,032.Mangrove_Cuckoo/Mangrove_Cuckoo_0027_26360.jpg
158,032.Mangrove_Cuckoo/Mangrove_Cuckoo_0048_26351.jpg
159,032.Mangrove_Cuckoo/Mangrove_Cuckoo_0016_794607.jpg
160,033.Yellow_billed_Cuckoo/Yellow_Billed_Cuckoo_0010_26795.jpg
161,033.Yellow_billed_Cuckoo/Yellow_Billed_Cuckoo_0092_26859.jpg
162,033.Yellow_billed_Cuckoo/Yellow_Billed_Cuckoo_0048_26632.jpg
163,033.Yellow_billed_Cuckoo/Yellow_Billed_Cuckoo_0084_26761.jpg
164,033.Yellow_billed_Cuckoo/Yellow_Billed_Cuckoo_0002_26715.jpg
165,034.Gray_crowned_Rosy_Finch/Gray_Crowned_Rosy_Finch_0043_26990.jpg
166,034.Gray_crowned_Rosy_Finch/Gray_Crowned_Rosy_Finch_0065_797301.jpg
167,034.Gray_crowned_Rosy_Finch/Gray_Crowned_Rosy_Finch_0038_797309.jpg
168,034.Gray_crowned_Rosy_Finch/Gray_Crowned_Rosy_Finch_0044_26976.jpg
169,034.Gray_crowned_Rosy_Finch/Gray_Crowned_Rosy_Finch_0075_27165.jpg
170,035.Purple_Finch/Purple_Finch_0006_27950.jpg
171,035.Purple_Finch/Purple_Finch_0092_27264.jpg
172,035.Purple_Finch/Purple_Finch_0011_27633.jpg
173,035.Purple_Finch/Purple_Finch_0113_27547.jpg
174,035.Purple_Finch/Purple_Finch_0114_27837.jpg
175,036.Northern_Flicker/Northern_Flicker_0037_28751.jpg
176,036.Northern_Flicker/Northern_Flicker_0004_28854.jpg
177,036.Northern_Flicker/Northern_Flicker_0123_28381.jpg
178,036.Northern_Flicker/Northern_Flicker_0069_28924.jpg
179,036.Northern_Flicker/Northern_Flicker_0054_28913.jpg
180,037.Acadian_Flycatcher/Acadian_Flycatcher_0040_795629.jpg
181,037.Acadian_Flycatcher/Acadian_Flycatcher_0014_795607.jpg
182,037.Acadian_Flycatcher/Acadian_Flycatcher_0020_29069.jpg
183,037.Acadian_Flycatcher/Acadian_Flycatcher_0007_795600.jpg
184,037.Acadian_Flycatcher/Acadian_Flycatcher_0058_795602.jpg
185,038.Great_Crested_Flycatcher/Great_Crested_Flycatcher_0004_29701.jpg
186,038.Great_Crested_Flycatcher/Great_Crested_Flycatcher_0058_29523.jpg
187,038.Great_Crested_Flycatcher/Great_Crested_Flycatcher_0048_29586.jpg
188,038.Great_Crested_Flycatcher/Great_Crested_Flycatcher_0019_29801.jpg
189,038.Great_Crested_Flycatcher/Great_Crested_Flycatcher_0085_29812.jpg
190,039.Least_Flycatcher/Least_Flycatcher_0019_30358.jpg
191,039.Least_Flycatcher/Least_Flycatcher_0021_30355.jpg
192,039.Least_Flycatcher/Least_Flycatcher_0095_30277.jpg
193,039.Least_Flycatcher/Least_Flycatcher_0047_30393.jpg
194,039.Least_Flycatcher/Least_Flycatcher_0049_30361.jpg
195,040.Olive_sided_Flycatcher/Olive_Sided_Flycatcher_0080_30515.jpg
196,040.Olive_sided_Flycatcher/Olive_Sided_Flycatcher_0064_30485.jpg
197,040.Olive_sided_Flycatcher/Olive_Sided_Flycatcher_0040_30620.jpg
198,040.Olive_sided_Flycatcher/Olive_Sided_Flycatcher_0049_796889.jpg
199,040.Olive_sided_Flycatcher/Olive_Sided_Flycatcher_0033_30532.jpg
200,041.Scissor_tailed_Flycatcher/Scissor_Tailed_Flycatcher_0106_41684.jpg
201,041.Scissor_tailed_Flycatcher/Scissor_Tailed_Flycatcher_0023_42117.jpg
202,041.Scissor_tailed_Flycatcher/Scissor_Tailed_Flycatcher_0119_41879.jpg
203,041.Scissor_tailed_Flycatcher/Scissor_Tailed_Flycatcher_0097_41701.jpg
204,041.Scissor_tailed_Flycatcher/Scissor_Tailed_Flycatcher_0088_41700.jpg
205,042.Vermilion_Flycatcher/Vermilion_Flycatcher_0060_42293.jpg
206,042.Vermilion_Flycatcher/Vermilion_Flycatcher_0027_42388.jpg
207,042.Vermilion_Flycatcher/Vermilion_Flycatcher_0036_42389.jpg
208,042.Vermilion_Flycatcher/Vermilion_Flycatcher_0061_42397.jpg
209,042.Vermilion_Flycatcher/Vermilion_Flycatcher_0025_42248.jpg
210,043.Yellow_bellied_Flycatcher/Yellow_Bellied_Flycatcher_0016_795476.jpg
211,043.Yellow_bellied_Flycatcher/Yellow_Bellied_Flycatcher_0048_795505.jpg
212,043.Yellow_bellied_Flycatcher/Yellow_Bellied_Flycatcher_0068_42701.jpg
213,043.Yellow_bellied_Flycatcher/Yellow_Bellied_Flycatcher_0064_795466.jpg
214,043.Yellow_bellied_Flycatcher/Yellow_Bellied_Flycatcher_0003_795487.jpg
215,044.Frigatebird/Frigatebird_0080_43064.jpg
216,044.Frigatebird/Frigatebird_0070_43516.jpg
217,044.Frigatebird/Frigatebird_0035_43420.jpg
218,044.Frigatebird/Frigatebird_0114_42807.jpg
219,044.Frigatebird/Frigatebird_0006_43381.jpg
220,045.Northern_Fulmar/Northern_Fulmar_0010_44112.jpg
221,045.Northern_Fulmar/Northern_Fulmar_0065_44081.jpg
222,045.Northern_Fulmar/Northern_Fulmar_0019_43853.jpg
223,045.Northern_Fulmar/Northern_Fulmar_0058_44114.jpg
224,045.Northern_Fulmar/Northern_Fulmar_0100_43732.jpg
225,046.Gadwall/Gadwall_0031_30935.jpg
226,046.Gadwall/Gadwall_0071_31655.jpg
227,046.Gadwall/Gadwall_0039_31013.jpg
228,046.Gadwall/Gadwall_0064_31504.jpg
229,046.Gadwall/Gadwall_0091_30941.jpg
230,047.American_Goldfinch/American_Goldfinch_0046_32105.jpg
231,047.American_Goldfinch/American_Goldfinch_0045_31974.jpg
232,047.American_Goldfinch/American_Goldfinch_0087_32363.jpg
233,047.American_Goldfinch/American_Goldfinch_0096_31876.jpg
234,047.American_Goldfinch/American_Goldfinch_0122_32186.jpg
235,048.European_Goldfinch/European_Goldfinch_0032_794679.jpg
236,048.European_Goldfinch/European_Goldfinch_0090_794648.jpg
237,048.European_Goldfinch/European_Goldfinch_0078_33170.jpg
238,048.European_Goldfinch/European_Goldfinch_0107_794655.jpg
239,048.European_Goldfinch/European_Goldfinch_0088_794651.jpg
240,049.Boat_tailed_Grackle/Boat_Tailed_Grackle_0089_33807.jpg
241,049.Boat_tailed_Grackle/Boat_Tailed_Grackle_0082_33488.jpg
242,049.Boat_tailed_Grackle/Boat_Tailed_Grackle_0073_33723.jpg
243,049.Boat_tailed_Grackle/Boat_Tailed_Grackle_0068_33387.jpg
244,049.Boat_tailed_Grackle/Boat_Tailed_Grackle_0028_33777.jpg
245,050.Eared_Grebe/Eared_Grebe_0029_34258.jpg
246,050.Eared_Grebe/Eared_Grebe_0038_34321.jpg
247,050.Eared_Grebe/Eared_Grebe_0051_34209.jpg
248,050.Eared_Grebe/Eared_Grebe_0025_34344.jpg
249,050.Eared_Grebe/Eared_Grebe_0015_34231.jpg
250,051.Horned_Grebe/Horned_Grebe_0002_34577.jpg
251,051.Horned_Grebe/Horned_Grebe_0098_34662.jpg
252,051.Horned_Grebe/Horned_Grebe_0066_34738.jpg
253,051.Horned_Grebe/Horned_Grebe_0049_34779.jpg
254,051.Horned_Grebe/Horned_Grebe_0099_34989.jpg
255,052.Pied_billed_Grebe/Pied_Billed_Grebe_0120_35764.jpg
256,052.Pied_billed_Grebe/Pied_Billed_Grebe_0123_35469.jpg
257,052.Pied_billed_Grebe/Pied_Billed_Grebe_0113_35703.jpg
258,052.Pied_billed_Grebe/Pied_Billed_Grebe_0063_35529.jpg
259,052.Pied_billed_Grebe/Pied_Billed_Grebe_0100_35310.jpg
260,053.Western_Grebe/Western_Grebe_0056_36216.jpg
261,053.Western_Grebe/Western_Grebe_0028_36196.jpg
262,053.Western_Grebe/Western_Grebe_0057_36157.jpg
263,053.Western_Grebe/Western_Grebe_0099_36112.jpg
264,053.Western_Grebe/Western_Grebe_0080_36310.jpg
265,054.Blue_Grosbeak/Blue_Grosbeak_0036_37048.jpg
266,054.Blue_Grosbeak/Blue_Grosbeak_0072_36774.jpg
267,054.Blue_Grosbeak/Blue_Grosbeak_0094_36995.jpg
268,054.Blue_Grosbeak/Blue_Grosbeak_0010_37108.jpg
269,054.Blue_Grosbeak/Blue_Grosbeak_0099_36828.jpg
270,055.Evening_Grosbeak/Evening_Grosbeak_0075_37302.jpg
271,055.Evening_Grosbeak/Evening_Grosbeak_0027_37824.jpg
272,055.Evening_Grosbeak/Evening_Grosbeak_0033_37707.jpg
273,055.Evening_Grosbeak/Evening_Grosbeak_0122_37864.jpg
274,055.Evening_Grosbeak/Evening_Grosbeak_0011_37913.jpg
275,056.Pine_Grosbeak/Pine_Grosbeak_0104_38362.jpg
276,056.Pine_Grosbeak/Pine_Grosbeak_0019_38845.jpg
277,056.Pine_Grosbeak/Pine_Grosbeak_0115_38330.jpg
278,056.Pine_Grosbeak/Pine_Grosbeak_0068_38981.jpg
279,056.Pine_Grosbeak/Pine_Grosbeak_0102_38216.jpg
280,057.Rose_breasted_Grosbeak/Rose_Breasted_Grosbeak_0017_39161.jpg
281,057.Rose_breasted_Grosbeak/Rose_Breasted_Grosbeak_0063_39802.jpg
282,057.Rose_breasted_Grosbeak/Rose_Breasted_Grosbeak_0011_39207.jpg
283,057.Rose_breasted_Grosbeak/Rose_Breasted_Grosbeak_0081_39136.jpg
284,057.Rose_breasted_Grosbeak/Rose_Breasted_Grosbeak_0062_39234.jpg
285,058.Pigeon_Guillemot/Pigeon_Guillemot_0041_39807.jpg
286,058.Pigeon_Guillemot/Pigeon_Guillemot_0018_40195.jpg
287,058.Pigeon_Guillemot/Pigeon_Guillemot_0068_40039.jpg
288,058.Pigeon_Guillemot/Pigeon_Guillemot_0026_40126.jpg
289,058.Pigeon_Guillemot/Pigeon_Guillemot_0098_39902.jpg
290,059.California_Gull/California_Gull_0059_40764.jpg
291,059.California_Gull/California_Gull_0009_40662.jpg
292,059.California_Gull/California_Gull_0025_41479.jpg
293,059.California_Gull/California_Gull_0052_41047.jpg
294,059.California_Gull/California_Gull_0105_41116.jpg
295,060.Glaucous_winged_Gull/Glaucous_Winged_Gull_0138_44694.jpg
296,060.Glaucous_winged_Gull/Glaucous_Winged_Gull_0034_44625.jpg
297,060.Glaucous_winged_Gull/Glaucous_Winged_Gull_0081_45223.jpg
298,060.Glaucous_winged_Gull/Glaucous_Winged_Gull_0005_44860.jpg
299,060.Glaucous_winged_Gull/Glaucous_Winged_Gull_0078_44461.jpg
300,061.Heermann_Gull/Heermann_Gull_0009_45905.jpg
301,061.Heermann_Gull/Heermann_Gull_0086_45304.jpg
302,061.Heermann_Gull/Heermann_Gull_0035_45754.jpg
303,061.Heermann_Gull/Heermann_Gull_0020_45409.jpg
304,061.Heermann_Gull/Heermann_Gull_0131_45548.jpg
305,062.Herring_Gull/Herring_Gull_0139_47006.jpg
306,062.Herring_Gull/Herring_Gull_0064_47832.jpg
307,062.Herring_Gull/Herring_Gull_0004_48046.jpg
308,062.Herring_Gull/Herring_Gull_0106_46930.jpg
309,062.Herring_Gull/Herring_Gull_0010_46425.jpg
310,063.Ivory_Gull/Ivory_Gull_0098_49810.jpg
311,063.Ivory_Gull/Ivory_Gull_0117_49227.jpg
312,063.Ivory_Gull/Ivory_Gull_0036_49754.jpg
313,063.Ivory_Gull/Ivory_Gull_0035_49523.jpg
314,063.Ivory_Gull/Ivory_Gull_0005_49021.jpg
315,064.Ring_billed_Gull/Ring_Billed_Gull_0055_51156.jpg
316,064.Ring_billed_Gull/Ring_Billed_Gull_0027_51266.jpg
317,064.Ring_billed_Gull/Ring_Billed_Gull_0059_51554.jpg
318,064.Ring_billed_Gull/Ring_Billed_Gull_0054_51414.jpg
319,064.Ring_billed_Gull/Ring_Billed_Gull_0127_51485.jpg
320,065.Slaty_backed_Gull/Slaty_Backed_Gull_0025_796047.jpg
321,065.Slaty_backed_Gull/Slaty_Backed_Gull_0032_796046.jpg
322,065.Slaty_backed_Gull/Slaty_Backed_Gull_0021_796008.jpg
323,065.Slaty_backed_Gull/Slaty_Backed_Gull_0038_796044.jpg
324,065.Slaty_backed_Gull/Slaty_Backed_Gull_0045_796025.jpg
325,066.Western_Gull/Western_Gull_0128_53852.jpg
326,066.Western_Gull/Western_Gull_0036_54329.jpg
327,066.Western_Gull/Western_Gull_0080_53445.jpg
328,066.Western_Gull/Western_Gull_0002_54825.jpg
329,066.Western_Gull/Western_Gull_0117_44697.jpg
330,067.Anna_Hummingbird/Anna_Hummingbird_0050_56794.jpg
331,067.Anna_Hummingbird/Anna_Hummingbird_0098_56388.jpg
332,067.Anna_Hummingbird/Anna_Hummingbird_0023_55841.jpg
333,067.Anna_Hummingbird/Anna_Hummingbird_0054_56419.jpg
334,067.Anna_Hummingbird/Anna_Hummingbird_0091_56004.jpg
335,068.Ruby_throated_Hummingbird/Ruby_Throated_Hummingbird_0071_57886.jpg
336,068.Ruby_throated_Hummingbird/Ruby_Throated_Hummingbird_0095_57990.jpg
337,068.Ruby_throated_Hummingbird/Ruby_Throated_Hummingbird_0030_57422.jpg
338,068.Ruby_throated_Hummingbird/Ruby_Throated_Hummingbird_0034_58148.jpg
339,068.Ruby_throated_Hummingbird/Ruby_Throated_Hummingbird_0059_58210.jpg
340,069.Rufous_Hummingbird/Rufous_Hummingbird_0047_59448.jpg
341,069.Rufous_Hummingbird/Rufous_Hummingbird_0091_60551.jpg
342,069.Rufous_Hummingbird/Rufous_Hummingbird_0037_60415.jpg
343,069.Rufous_Hummingbird/Rufous_Hummingbird_0025_59461.jpg
344,069.Rufous_Hummingbird/Rufous_Hummingbird_0031_58391.jpg
345,070.Green_Violetear/Green_Violetear_0021_795632.jpg
346,070.Green_Violetear/Green_Violetear_0005_795666.jpg
347,070.Green_Violetear/Green_Violetear_0027_60841.jpg
348,070.Green_Violetear/Green_Violetear_0094_795634.jpg
349,070.Green_Violetear/Green_Violetear_0036_795635.jpg
350,071.Long_tailed_Jaeger/Long_Tailed_Jaeger_0048_797087.jpg
351,071.Long_tailed_Jaeger/Long_Tailed_Jaeger_0070_797090.jpg
352,071.Long_tailed_Jaeger/Long_Tailed_Jaeger_0060_60886.jpg
353,071.Long_tailed_Jaeger/Long_Tailed_Jaeger_0008_797066.jpg
354,071.Long_tailed_Jaeger/Long_Tailed_Jaeger_0018_61081.jpg
355,072.Pomarine_Jaeger/Pomarine_Jaeger_0032_795789.jpg
356,072.Pomarine_Jaeger/Pomarine_Jaeger_0038_61446.jpg
357,072.Pomarine_Jaeger/Pomarine_Jaeger_0041_61305.jpg
358,072.Pomarine_Jaeger/Pomarine_Jaeger_0007_795764.jpg
359,072.Pomarine_Jaeger/Pomarine_Jaeger_0071_795769.jpg
360,073.Blue_Jay/Blue_Jay_0042_61545.jpg
361,073.Blue_Jay/Blue_Jay_0061_63645.jpg
362,073.Blue_Jay/Blue_Jay_0086_63394.jpg
363,073.Blue_Jay/Blue_Jay_0078_62351.jpg
364,073.Blue_Jay/Blue_Jay_0089_61521.jpg
365,074.Florida_Jay/Florida_Jay_0025_64673.jpg
366,074.Florida_Jay/Florida_Jay_0104_64885.jpg
367,074.Florida_Jay/Florida_Jay_0029_65114.jpg
368,074.Florida_Jay/Florida_Jay_0111_64651.jpg
369,074.Florida_Jay/Florida_Jay_0035_64463.jpg
370,075.Green_Jay/Green_Jay_0036_65660.jpg
371,075.Green_Jay/Green_Jay_0129_65680.jpg
372,075.Green_Jay/Green_Jay_0102_65813.jpg
373,075.Green_Jay/Green_Jay_0128_65629.jpg
374,075.Green_Jay/Green_Jay_0094_65775.jpg
375,076.Dark_eyed_Junco/Dark_Eyed_Junco_0026_68061.jpg
376,076.Dark_eyed_Junco/Dark_Eyed_Junco_0089_68498.jpg
377,076.Dark_eyed_Junco/Dark_Eyed_Junco_0130_67867.jpg
378,076.Dark_eyed_Junco/Dark_Eyed_Junco_0013_66332.jpg
379,076.Dark_eyed_Junco/Dark_Eyed_Junco_0090_69051.jpg
380,077.Tropical_Kingbird/Tropical_Kingbird_0103_69311.jpg
381,077.Tropical_Kingbird/Tropical_Kingbird_0011_69877.jpg
382,077.Tropical_Kingbird/Tropical_Kingbird_0064_69889.jpg
383,077.Tropical_Kingbird/Tropical_Kingbird_0017_69715.jpg
384,077.Tropical_Kingbird/Tropical_Kingbird_0116_69714.jpg
385,078.Gray_Kingbird/Gray_Kingbird_0016_70288.jpg
386,078.Gray_Kingbird/Gray_Kingbird_0052_795024.jpg
387,078.Gray_Kingbird/Gray_Kingbird_0041_70119.jpg
388,078.Gray_Kingbird/Gray_Kingbird_0071_70100.jpg
389,078.Gray_Kingbird/Gray_Kingbird_0030_70110.jpg
390,079.Belted_Kingfisher/Belted_Kingfisher_0035_70644.jpg
391,079.Belted_Kingfisher/Belted_Kingfisher_0056_70516.jpg
392,079.Belted_Kingfisher/Belted_Kingfisher_0085_70503.jpg
393,079.Belted_Kingfisher/Belted_Kingfisher_0013_70753.jpg
394,079.Belted_Kingfisher/Belted_Kingfisher_0011_70923.jpg
395,080.Green_Kingfisher/Green_Kingfisher_0067_71093.jpg
396,080.Green_Kingfisher/Green_Kingfisher_0063_71345.jpg
397,080.Green_Kingfisher/Green_Kingfisher_0027_71048.jpg
398,080.Green_Kingfisher/Green_Kingfisher_0069_71053.jpg
399,080.Green_Kingfisher/Green_Kingfisher_0031_71229.jpg
400,081.Pied_Kingfisher/Pied_Kingfisher_0016_72280.jpg
401,081.Pied_Kingfisher/Pied_Kingfisher_0024_71560.jpg
402,081.Pied_Kingfisher/Pied_Kingfisher_0075_72581.jpg
403,081.Pied_Kingfisher/Pied_Kingfisher_0073_72508.jpg
404,081.Pied_Kingfisher/Pied_Kingfisher_0122_71789.jpg
405,082.Ringed_Kingfisher/Ringed_Kingfisher_0044_72976.jpg
406,082.Ringed_Kingfisher/Ringed_Kingfisher_0103_72894.jpg
407,082.Ringed_Kingfisher/Ringed_Kingfisher_0052_72871.jpg
408,082.Ringed_Kingfisher/Ringed_Kingfisher_0050_73002.jpg
409,082.Ringed_Kingfisher/Ringed_Kingfisher_0008_72943.jpg
410,083.White_breasted_Kingfisher/White_Breasted_Kingfisher_0109_73683.jpg
411,083.White_breasted_Kingfisher/White_Breasted_Kingfisher_0026_73201.jpg
412,083.White_breasted_Kingfisher/White_Breasted_Kingfisher_0074_73408.jpg
413,083.White_breasted_Kingfisher/White_Breasted_Kingfisher_0024_73736.jpg
414,083.White_breasted_Kingfisher/White_Breasted_Kingfisher_0056_73353.jpg
415,084.Red_legged_Kittiwake/Red_Legged_Kittiwake_0054_795396.jpg
416,084.Red_legged_Kittiwake/Red_Legged_Kittiwake_0021_73808.jpg
417,084.Red_legged_Kittiwake/Red_Legged_Kittiwake_0006_795436.jpg
418,084.Red_legged_Kittiwake/Red_Legged_Kittiwake_0032_795399.jpg
419,084.Red_legged_Kittiwake/Red_Legged_Kittiwake_0068_795430.jpg
420,085.Horned_Lark/Horned_Lark_0010_75291.jpg
421,085.Horned_Lark/Horned_Lark_0097_74496.jpg
422,085.Horned_Lark/Horned_Lark_0130_74001.jpg
423,085.Horned_Lark/Horned_Lark_0043_74450.jpg
424,085.Horned_Lark/Horned_Lark_0095_74640.jpg
425,086.Pacific_Loon/Pacific_Loon_0022_75405.jpg
426,086.Pacific_Loon/Pacific_Loon_0065_75588.jpg
427,086.Pacific_Loon/Pacific_Loon_0057_75854.jpg
428,086.Pacific_Loon/Pacific_Loon_0054_75543.jpg
429,086.Pacific_Loon/Pacific_Loon_0019_75422.jpg
430,087.Mallard/Mallard_0069_76926.jpg
431,087.Mallard/Mallard_0050_76519.jpg
432,087.Mallard/Mallard_0005_76026.jpg
433,087.Mallard/Mallard_0022_77166.jpg
434,087.Mallard/Mallard_0119_76925.jpg
435,088.Western_Meadowlark/Western_Meadowlark_0003_78864.jpg
436,088.Western_Meadowlark/Western_Meadowlark_0079_78856.jpg
437,088.Western_Meadowlark/Western_Meadowlark_0040_77823.jpg
438,088.Western_Meadowlark/Western_Meadowlark_0021_78841.jpg
439,088.Western_Meadowlark/Western_Meadowlark_0042_78180.jpg
440,089.Hooded_Merganser/Hooded_Merganser_0006_796778.jpg
441,089.Hooded_Merganser/Hooded_Merganser_0053_796728.jpg
442,089.Hooded_Merganser/Hooded_Merganser_0073_796726.jpg
443,089.Hooded_Merganser/Hooded_Merganser_0049_79136.jpg
444,089.Hooded_Merganser/Hooded_Merganser_0066_796755.jpg
445,090.Red_breasted_Merganser/Red_Breasted_Merganser_0078_79393.jpg
446,090.Red_breasted_Merganser/Red_Breasted_Merganser_0003_79303.jpg
447,090.Red_breasted_Merganser/Red_Breasted_Merganser_0062_79548.jpg
448,090.Red_breasted_Merganser/Red_Breasted_Merganser_0081_79396.jpg
449,090.Red_breasted_Merganser/Red_Breasted_Merganser_0040_79207.jpg
450,091.Mockingbird/Mockingbird_0085_81417.jpg
451,091.Mockingbird/Mockingbird_0096_79878.jpg
452,091.Mockingbird/Mockingbird_0019_81296.jpg
453,091.Mockingbird/Mockingbird_0108_81908.jpg
454,091.Mockingbird/Mockingbird_0010_79955.jpg
455,092.Nighthawk/Nighthawk_0018_83639.jpg
456,092.Nighthawk/Nighthawk_0034_82578.jpg
457,092.Nighthawk/Nighthawk_0012_84333.jpg
458,092.Nighthawk/Nighthawk_0027_84697.jpg
459,092.Nighthawk/Nighthawk_0035_84077.jpg
460,093.Clark_Nutcracker/Clark_Nutcracker_0136_85490.jpg
461,093.Clark_Nutcracker/Clark_Nutcracker_0137_85172.jpg
462,093.Clark_Nutcracker/Clark_Nutcracker_0017_84777.jpg
463,093.Clark_Nutcracker/Clark_Nutcracker_0075_85715.jpg
464,093.Clark_Nutcracker/Clark_Nutcracker_0003_85296.jpg
465,094.White_breasted_Nuthatch/White_Breasted_Nuthatch_0115_86760.jpg
466,094.White_breasted_Nuthatch/White_Breasted_Nuthatch_0096_86140.jpg
467,094.White_breasted_Nuthatch/White_Breasted_Nuthatch_0142_86805.jpg
468,094.White_breasted_Nuthatch/White_Breasted_Nuthatch_0094_86156.jpg
469,094.White_breasted_Nuthatch/White_Breasted_Nuthatch_0068_86033.jpg
470,095.Baltimore_Oriole/Baltimore_Oriole_0027_87561.jpg
471,095.Baltimore_Oriole/Baltimore_Oriole_0050_89750.jpg
472,095.Baltimore_Oriole/Baltimore_Oriole_0101_87207.jpg
473,095.Baltimore_Oriole/Baltimore_Oriole_0071_89611.jpg
474,095.Baltimore_Oriole/Baltimore_Oriole_0120_88403.jpg
475,096.Hooded_Oriole/Hooded_Oriole_0070_90221.jpg
476,096.Hooded_Oriole/Hooded_Oriole_0079_89978.jpg
477,096.Hooded_Oriole/Hooded_Oriole_0050_90629.jpg
478,096.Hooded_Oriole/Hooded_Oriole_0091_90821.jpg
479,096.Hooded_Oriole/Hooded_Oriole_0043_90499.jpg
480,097.Orchard_Oriole/Orchard_Oriole_0042_91678.jpg
481,097.Orchard_Oriole/Orchard_Oriole_0116_91645.jpg
482,097.Orchard_Oriole/Orchard_Oriole_0098_91401.jpg
483,097.Orchard_Oriole/Orchard_Oriole_0019_91338.jpg
484,097.Orchard_Oriole/Orchard_Oriole_0009_91902.jpg
485,098.Scott_Oriole/Scott_Oriole_0069_92271.jpg
486,098.Scott_Oriole/Scott_Oriole_0022_92356.jpg
487,098.Scott_Oriole/Scott_Oriole_0056_795816.jpg
488,098.Scott_Oriole/Scott_Oriole_0024_92302.jpg
489,098.Scott_Oriole/Scott_Oriole_0008_795814.jpg
490,099.Ovenbird/Ovenbird_0128_93366.jpg
491,099.Ovenbird/Ovenbird_0130_92452.jpg
492,099.Ovenbird/Ovenbird_0104_92763.jpg
493,099.Ovenbird/Ovenbird_0027_93086.jpg
494,099.Ovenbird/Ovenbird_0010_92957.jpg
495,100.Brown_Pelican/Brown_Pelican_0139_93995.jpg
496,100.Brown_Pelican/Brown_Pelican_0007_94078.jpg
497,100.Brown_Pelican/Brown_Pelican_0011_94683.jpg
498,100.Brown_Pelican/Brown_Pelican_0080_93439.jpg
499,100.Brown_Pelican/Brown_Pelican_0140_93438.jpg
500,101.White_Pelican/White_Pelican_0024_96554.jpg
501,101.White_Pelican/White_Pelican_0071_96061.jpg
502,101.White_Pelican/White_Pelican_0067_95573.jpg
503,101.White_Pelican/White_Pelican_0037_95570.jpg
504,101.White_Pelican/White_Pelican_0010_96876.jpg
505,102.Western_Wood_Pewee/Western_Wood_Pewee_0028_795057.jpg
506,102.Western_Wood_Pewee/Western_Wood_Pewee_0040_795051.jpg
507,102.Western_Wood_Pewee/Western_Wood_Pewee_0007_97985.jpg
508,102.Western_Wood_Pewee/Western_Wood_Pewee_0072_98035.jpg
509,102.Western_Wood_Pewee/Western_Wood_Pewee_0049_98263.jpg
510,103.Sayornis/Sayornis_0020_98727.jpg
511,103.Sayornis/Sayornis_0019_98636.jpg
512,103.Sayornis/Sayornis_0038_98441.jpg
513,103.Sayornis/Sayornis_0010_98611.jpg
514,103.Sayornis/Sayornis_0025_98620.jpg
515,104.American_Pipit/American_Pipit_0089_100260.jpg
516,104.American_Pipit/American_Pipit_0082_99867.jpg
517,104.American_Pipit/American_Pipit_0067_100237.jpg
518,104.American_Pipit/American_Pipit_0114_100380.jpg
519,104.American_Pipit/American_Pipit_0073_99642.jpg
520,105.Whip_poor_Will/Whip_Poor_Will_0004_100479.jpg
521,105.Whip_poor_Will/Whip_Poor_Will_0001_796411.jpg
522,105.Whip_poor_Will/Whip_Poor_Will_0009_796423.jpg
523,105.Whip_poor_Will/Whip_Poor_Will_0031_100397.jpg
524,105.Whip_poor_Will/Whip_Poor_Will_0010_100464.jpg
525,106.Horned_Puffin/Horned_Puffin_0016_100993.jpg
526,106.Horned_Puffin/Horned_Puffin_0028_100765.jpg
527,106.Horned_Puffin/Horned_Puffin_0046_100785.jpg
528,106.Horned_Puffin/Horned_Puffin_0072_100938.jpg
529,106.Horned_Puffin/Horned_Puffin_0030_100725.jpg
530,107.Common_Raven/Common_Raven_0001_101213.jpg
531,107.Common_Raven/Common_Raven_0121_101744.jpg
532,107.Common_Raven/Common_Raven_0037_101096.jpg
533,107.Common_Raven/Common_Raven_0066_101461.jpg
534,107.Common_Raven/Common_Raven_0010_101390.jpg
535,108.White_necked_Raven/White_Necked_Raven_0020_102730.jpg
536,108.White_necked_Raven/White_Necked_Raven_0002_797370.jpg
537,108.White_necked_Raven/White_Necked_Raven_0072_797391.jpg
538,108.White_necked_Raven/White_Necked_Raven_0053_797360.jpg
539,108.White_necked_Raven/White_Necked_Raven_0007_102676.jpg
540,109.American_Redstart/American_Redstart_0056_103241.jpg
541,109.American_Redstart/American_Redstart_0116_103631.jpg
542,109.American_Redstart/American_Redstart_0138_102869.jpg
543,109.American_Redstart/American_Redstart_0128_102983.jpg
544,109.American_Redstart/American_Redstart_0089_103187.jpg
545,110.Geococcyx/Geococcyx_0112_104548.jpg
546,110.Geococcyx/Geococcyx_0022_104157.jpg
547,110.Geococcyx/Geococcyx_0009_104372.jpg
548,110.Geococcyx/Geococcyx_0110_104163.jpg
549,110.Geococcyx/Geococcyx_0124_104141.jpg
550,111.Loggerhead_Shrike/Loggerhead_Shrike_0029_104849.jpg
551,111.Loggerhead_Shrike/Loggerhead_Shrike_0071_105040.jpg
552,111.Loggerhead_Shrike/Loggerhead_Shrike_0128_105238.jpg
553,111.Loggerhead_Shrike/Loggerhead_Shrike_0116_105286.jpg
554,111.Loggerhead_Shrike/Loggerhead_Shrike_0024_105593.jpg
555,112.Great_Grey_Shrike/Great_Grey_Shrike_0064_106778.jpg
556,112.Great_Grey_Shrike/Great_Grey_Shrike_0043_106818.jpg
557,112.Great_Grey_Shrike/Great_Grey_Shrike_0003_106552.jpg
558,112.Great_Grey_Shrike/Great_Grey_Shrike_0049_797025.jpg
559,112.Great_Grey_Shrike/Great_Grey_Shrike_0020_797052.jpg
560,113.Baird_Sparrow/Baird_Sparrow_0035_106904.jpg
561,113.Baird_Sparrow/Baird_Sparrow_0030_794569.jpg
562,113.Baird_Sparrow/Baird_Sparrow_0032_794553.jpg
563,113.Baird_Sparrow/Baird_Sparrow_0021_794576.jpg
564,113.Baird_Sparrow/Baird_Sparrow_0028_794557.jpg
565,114.Black_throated_Sparrow/Black_Throated_Sparrow_0065_107087.jpg
566,114.Black_throated_Sparrow/Black_Throated_Sparrow_0049_106958.jpg
567,114.Black_throated_Sparrow/Black_Throated_Sparrow_0097_106935.jpg
568,114.Black_throated_Sparrow/Black_Throated_Sparrow_0088_107220.jpg
569,114.Black_throated_Sparrow/Black_Throated_Sparrow_0026_107198.jpg
570,115.Brewer_Sparrow/Brewer_Sparrow_0023_107489.jpg
571,115.Brewer_Sparrow/Brewer_Sparrow_0074_107408.jpg
572,115.Brewer_Sparrow/Brewer_Sparrow_0076_107393.jpg
573,115.Brewer_Sparrow/Brewer_Sparrow_0063_796714.jpg
574,115.Brewer_Sparrow/Brewer_Sparrow_0008_796703.jpg
575,116.Chipping_Sparrow/Chipping_Sparrow_0066_109187.jpg
576,116.Chipping_Sparrow/Chipping_Sparrow_0098_108644.jpg
577,116.Chipping_Sparrow/Chipping_Sparrow_0005_108931.jpg
578,116.Chipping_Sparrow/Chipping_Sparrow_0037_109851.jpg
579,116.Chipping_Sparrow/Chipping_Sparrow_0038_109234.jpg
580,117.Clay_colored_Sparrow/Clay_Colored_Sparrow_0033_797255.jpg
581,117.Clay_colored_Sparrow/Clay_Colored_Sparrow_0071_110656.jpg
582,117.Clay_colored_Sparrow/Clay_Colored_Sparrow_0066_110819.jpg
583,117.Clay_colored_Sparrow/Clay_Colored_Sparrow_0081_110682.jpg
584,117.Clay_colored_Sparrow/Clay_Colored_Sparrow_0003_110672.jpg
585,118.House_Sparrow/House_Sparrow_0108_112963.jpg
586,118.House_Sparrow/House_Sparrow_0082_112478.jpg
587,118.House_Sparrow/House_Sparrow_0074_111997.jpg
588,118.House_Sparrow/House_Sparrow_0119_111471.jpg
589,118.House_Sparrow/House_Sparrow_0086_111385.jpg
590,119.Field_Sparrow/Field_Sparrow_0013_113599.jpg
591,119.Field_Sparrow/Field_Sparrow_0078_113575.jpg
592,119.Field_Sparrow/Field_Sparrow_0125_113869.jpg
593,119.Field_Sparrow/Field_Sparrow_0055_113929.jpg
594,119.Field_Sparrow/Field_Sparrow_0034_113364.jpg
595,120.Fox_Sparrow/Fox_Sparrow_0036_115581.jpg
596,120.Fox_Sparrow/Fox_Sparrow_0053_114780.jpg
597,120.Fox_Sparrow/Fox_Sparrow_0055_114809.jpg
598,120.Fox_Sparrow/Fox_Sparrow_0119_115512.jpg
599,120.Fox_Sparrow/Fox_Sparrow_0012_115324.jpg
600,121.Grasshopper_Sparrow/Grasshopper_Sparrow_0001_115938.jpg
601,121.Grasshopper_Sparrow/Grasshopper_Sparrow_0058_115862.jpg
602,121.Grasshopper_Sparrow/Grasshopper_Sparrow_0126_116029.jpg
603,121.Grasshopper_Sparrow/Grasshopper_Sparrow_0072_115663.jpg
604,121.Grasshopper_Sparrow/Grasshopper_Sparrow_0119_116081.jpg
605,122.Harris_Sparrow/Harris_Sparrow_0041_116611.jpg
606,122.Harris_Sparrow/Harris_Sparrow_0025_116648.jpg
607,122.Harris_Sparrow/Harris_Sparrow_0029_116516.jpg
608,122.Harris_Sparrow/Harris_Sparrow_0072_116662.jpg
609,122.Harris_Sparrow/Harris_Sparrow_0073_116577.jpg
610,123.Henslow_Sparrow/Henslow_Sparrow_0069_116832.jpg
611,123.Henslow_Sparrow/Henslow_Sparrow_0058_796616.jpg
612,123.Henslow_Sparrow/Henslow_Sparrow_0031_796594.jpg
613,123.Henslow_Sparrow/Henslow_Sparrow_0083_116844.jpg
614,123.Henslow_Sparrow/Henslow_Sparrow_0006_796607.jpg
615,124.Le_Conte_Sparrow/Le_Conte_Sparrow_0063_795149.jpg
616,124.Le_Conte_Sparrow/Le_Conte_Sparrow_0022_117039.jpg
617,124.Le_Conte_Sparrow/Le_Conte_Sparrow_0073_117127.jpg
618,124.Le_Conte_Sparrow/Le_Conte_Sparrow_0043_795213.jpg
619,124.Le_Conte_Sparrow/Le_Conte_Sparrow_0072_795230.jpg
620,125.Lincoln_Sparrow/Lincoln_Sparrow_0090_117857.jpg
621,125.Lincoln_Sparrow/Lincoln_Sparrow_0058_117503.jpg
622,125.Lincoln_Sparrow/Lincoln_Sparrow_0110_117264.jpg
623,125.Lincoln_Sparrow/Lincoln_Sparrow_0038_117461.jpg
624,125.Lincoln_Sparrow/Lincoln_Sparrow_0128_117851.jpg
625,126.Nelson_Sharp_tailed_Sparrow/Nelson_Sharp_Tailed_Sparrow_0077_796913.jpg
626,126.Nelson_Sharp_tailed_Sparrow/Nelson_Sharp_Tailed_Sparrow_0055_796937.jpg
627,126.Nelson_Sharp_tailed_Sparrow/Nelson_Sharp_Tailed_Sparrow_0079_796934.jpg
628,126.Nelson_Sharp_tailed_Sparrow/Nelson_Sharp_Tailed_Sparrow_0071_796946.jpg
629,126.Nelson_Sharp_tailed_Sparrow/Nelson_Sharp_Tailed_Sparrow_0014_796906.jpg
630,127.Savannah_Sparrow/Savannah_Sparrow_0033_118871.jpg
631,127.Savannah_Sparrow/Savannah_Sparrow_0066_119949.jpg
632,127.Savannah_Sparrow/Savannah_Sparrow_0109_119674.jpg
633,127.Savannah_Sparrow/Savannah_Sparrow_0079_118817.jpg
634,127.Savannah_Sparrow/Savannah_Sparrow_0067_118491.jpg
635,128.Seaside_Sparrow/Seaside_Sparrow_0047_796520.jpg
636,128.Seaside_Sparrow/Seaside_Sparrow_0036_120785.jpg
637,128.Seaside_Sparrow/Seaside_Sparrow_0045_120696.jpg
638,128.Seaside_Sparrow/Seaside_Sparrow_0035_796533.jpg
639,128.Seaside_Sparrow/Seaside_Sparrow_0011_120820.jpg
640,129.Song_Sparrow/Song_Sparrow_0046_121903.jpg
641,129.Song_Sparrow/Song_Sparrow_0055_121158.jpg
642,129.Song_Sparrow/Song_Sparrow_0121_121203.jpg
643,129.Song_Sparrow/Song_Sparrow_0088_121615.jpg
644,129.Song_Sparrow/Song_Sparrow_0040_121617.jpg
645,130.Tree_Sparrow/Tree_Sparrow_0035_123211.jpg
646,130.Tree_Sparrow/Tree_Sparrow_0018_123574.jpg
647,130.Tree_Sparrow/Tree_Sparrow_0121_124296.jpg
648,130.Tree_Sparrow/Tree_Sparrow_0077_123417.jpg
649,130.Tree_Sparrow/Tree_Sparrow_0022_123496.jpg
650,131.Vesper_Sparrow/Vesper_Sparrow_0079_125579.jpg
651,131.Vesper_Sparrow/Vesper_Sparrow_0022_125719.jpg
652,131.Vesper_Sparrow/Vesper_Sparrow_0013_109937.jpg
653,131.Vesper_Sparrow/Vesper_Sparrow_0040_125441.jpg
654,131.Vesper_Sparrow/Vesper_Sparrow_0057_125649.jpg
655,132.White_crowned_Sparrow/White_Crowned_Sparrow_0001_127115.jpg
656,132.White_crowned_Sparrow/White_Crowned_Sparrow_0127_126923.jpg
657,132.White_crowned_Sparrow/White_Crowned_Sparrow_0010_127651.jpg
658,132.White_crowned_Sparrow/White_Crowned_Sparrow_0101_127058.jpg
659,132.White_crowned_Sparrow/White_Crowned_Sparrow_0094_128627.jpg
660,133.White_throated_Sparrow/White_Throated_Sparrow_0028_129118.jpg
661,133.White_throated_Sparrow/White_Throated_Sparrow_0097_128967.jpg
662,133.White_throated_Sparrow/White_Throated_Sparrow_0069_128951.jpg
663,133.White_throated_Sparrow/White_Throated_Sparrow_0108_129184.jpg
664,133.White_throated_Sparrow/White_Throated_Sparrow_0073_129110.jpg
665,134.Cape_Glossy_Starling/Cape_Glossy_Starling_0024_129384.jpg
666,134.Cape_Glossy_Starling/Cape_Glossy_Starling_0065_129299.jpg
667,134.Cape_Glossy_Starling/Cape_Glossy_Starling_0091_129470.jpg
668,134.Cape_Glossy_Starling/Cape_Glossy_Starling_0070_129322.jpg
669,134.Cape_Glossy_Starling/Cape_Glossy_Starling_0042_129385.jpg
670,135.Bank_Swallow/Bank_Swallow_0037_129903.jpg
671,135.Bank_Swallow/Bank_Swallow_0045_129483.jpg
672,135.Bank_Swallow/Bank_Swallow_0024_129779.jpg
673,135.Bank_Swallow/Bank_Swallow_0010_129592.jpg
674,135.Bank_Swallow/Bank_Swallow_0048_129546.jpg
675,136.Barn_Swallow/Barn_Swallow_0064_132688.jpg
676,136.Barn_Swallow/Barn_Swallow_0056_132916.jpg
677,136.Barn_Swallow/Barn_Swallow_0077_130707.jpg
678,136.Barn_Swallow/Barn_Swallow_0016_130678.jpg
679,136.Barn_Swallow/Barn_Swallow_0002_130551.jpg
680,137.Cliff_Swallow/Cliff_Swallow_0071_133742.jpg
681,137.Cliff_Swallow/Cliff_Swallow_0049_132965.jpg
682,137.Cliff_Swallow/Cliff_Swallow_0046_133165.jpg
683,137.Cliff_Swallow/Cliff_Swallow_0088_134188.jpg
684,137.Cliff_Swallow/Cliff_Swallow_0018_132974.jpg
685,138.Tree_Swallow/Tree_Swallow_0114_136265.jpg
686,138.Tree_Swallow/Tree_Swallow_0087_137354.jpg
687,138.Tree_Swallow/Tree_Swallow_0049_134740.jpg
688,138.Tree_Swallow/Tree_Swallow_0062_137426.jpg
689,138.Tree_Swallow/Tree_Swallow_0043_136878.jpg
690,139.Scarlet_Tanager/Scarlet_Tanager_0075_137602.jpg
691,139.Scarlet_Tanager/Scarlet_Tanager_0119_138291.jpg
692,139.Scarlet_Tanager/Scarlet_Tanager_0042_138287.jpg
693,139.Scarlet_Tanager/Scarlet_Tanager_0100_138006.jpg
694,139.Scarlet_Tanager/Scarlet_Tanager_0110_138274.jpg
695,140.Summer_Tanager/Summer_Tanager_0111_139605.jpg
696,140.Summer_Tanager/Summer_Tanager_0088_139473.jpg
697,140.Summer_Tanager/Summer_Tanager_0120_140060.jpg
698,140.Summer_Tanager/Summer_Tanager_0046_139802.jpg
699,140.Summer_Tanager/Summer_Tanager_0063_139743.jpg
700,141.Artic_Tern/Artic_Tern_0026_141839.jpg
701,141.Artic_Tern/Artic_Tern_0099_141170.jpg
702,141.Artic_Tern/Artic_Tern_0090_143583.jpg
703,141.Artic_Tern/Artic_Tern_0092_141849.jpg
704,141.Artic_Tern/Artic_Tern_0122_142448.jpg
705,142.Black_Tern/Black_Tern_0038_144102.jpg
706,142.Black_Tern/Black_Tern_0097_144724.jpg
707,142.Black_Tern/Black_Tern_0029_144140.jpg
708,142.Black_Tern/Black_Tern_0077_144117.jpg
709,142.Black_Tern/Black_Tern_0055_144607.jpg
710,143.Caspian_Tern/Caspian_Tern_0023_147194.jpg
711,143.Caspian_Tern/Caspian_Tern_0117_146009.jpg
712,143.Caspian_Tern/Caspian_Tern_0075_147650.jpg
713,143.Caspian_Tern/Caspian_Tern_0059_145582.jpg
714,143.Caspian_Tern/Caspian_Tern_0109_145948.jpg
715,144.Common_Tern/Common_Tern_0085_147937.jpg
716,144.Common_Tern/Common_Tern_0029_148035.jpg
717,144.Common_Tern/Common_Tern_0125_148767.jpg
718,144.Common_Tern/Common_Tern_0083_148096.jpg
719,144.Common_Tern/Common_Tern_0098_148785.jpg
720,145.Elegant_Tern/Elegant_Tern_0066_150864.jpg
721,145.Elegant_Tern/Elegant_Tern_0076_150519.jpg
722,145.Elegant_Tern/Elegant_Tern_0073_150925.jpg
723,145.Elegant_Tern/Elegant_Tern_0047_150626.jpg
724,145.Elegant_Tern/Elegant_Tern_0061_150524.jpg
725,146.Forsters_Tern/Forsters_Tern_0118_151564.jpg
726,146.Forsters_Tern/Forsters_Tern_0016_152463.jpg
727,146.Forsters_Tern/Forsters_Tern_0027_151456.jpg
728,146.Forsters_Tern/Forsters_Tern_0007_152110.jpg
729,146.Forsters_Tern/Forsters_Tern_0075_152258.jpg
730,147.Least_Tern/Least_Tern_0036_153658.jpg
731,147.Least_Tern/Least_Tern_0012_153871.jpg
732,147.Least_Tern/Least_Tern_0060_153190.jpg
733,147.Least_Tern/Least_Tern_0038_153087.jpg
734,147.Least_Tern/Least_Tern_0062_153259.jpg
735,148.Green_tailed_Towhee/Green_Tailed_Towhee_0076_154999.jpg
736,148.Green_tailed_Towhee/Green_Tailed_Towhee_0024_154855.jpg
737,148.Green_tailed_Towhee/Green_Tailed_Towhee_0068_154783.jpg
738,148.Green_tailed_Towhee/Green_Tailed_Towhee_0070_154844.jpg
739,148.Green_tailed_Towhee/Green_Tailed_Towhee_0090_797434.jpg
740,149.Brown_Thrasher/Brown_Thrasher_0079_155394.jpg
741,149.Brown_Thrasher/Brown_Thrasher_0119_155170.jpg
742,149.Brown_Thrasher/Brown_Thrasher_0105_155187.jpg
743,149.Brown_Thrasher/Brown_Thrasher_0052_155254.jpg
744,149.Brown_Thrasher/Brown_Thrasher_0051_155344.jpg
745,150.Sage_Thrasher/Sage_Thrasher_0070_155732.jpg
746,150.Sage_Thrasher/Sage_Thrasher_0019_107436.jpg
747,150.Sage_Thrasher/Sage_Thrasher_0103_155575.jpg
748,150.Sage_Thrasher/Sage_Thrasher_0104_155529.jpg
749,150.Sage_Thrasher/Sage_Thrasher_0069_155544.jpg
750,151.Black_capped_Vireo/Black_Capped_Vireo_0018_155868.jpg
751,151.Black_capped_Vireo/Black_Capped_Vireo_0009_797493.jpg
752,151.Black_capped_Vireo/Black_Capped_Vireo_0041_797452.jpg
753,151.Black_capped_Vireo/Black_Capped_Vireo_0003_797467.jpg
754,151.Black_capped_Vireo/Black_Capped_Vireo_0022_797459.jpg
755,152.Blue_headed_Vireo/Blue_Headed_Vireo_0019_156311.jpg
756,152.Blue_headed_Vireo/Blue_Headed_Vireo_0098_156348.jpg
757,152.Blue_headed_Vireo/Blue_Headed_Vireo_0010_156344.jpg
758,152.Blue_headed_Vireo/Blue_Headed_Vireo_0096_155969.jpg
759,152.Blue_headed_Vireo/Blue_Headed_Vireo_0039_156397.jpg
760,153.Philadelphia_Vireo/Philadelphia_Vireo_0029_794760.jpg
761,153.Philadelphia_Vireo/Philadelphia_Vireo_0047_156521.jpg
762,153.Philadelphia_Vireo/Philadelphia_Vireo_0087_794767.jpg
763,153.Philadelphia_Vireo/Philadelphia_Vireo_0049_794756.jpg
764,153.Philadelphia_Vireo/Philadelphia_Vireo_0007_156617.jpg
765,154.Red_eyed_Vireo/Red_Eyed_Vireo_0062_157324.jpg
766,154.Red_eyed_Vireo/Red_Eyed_Vireo_0077_157005.jpg
767,154.Red_eyed_Vireo/Red_Eyed_Vireo_0045_157252.jpg
768,154.Red_eyed_Vireo/Red_Eyed_Vireo_0101_156988.jpg
769,154.Red_eyed_Vireo/Red_Eyed_Vireo_0041_156954.jpg
770,155.Warbling_Vireo/Warbling_Vireo_0118_158285.jpg
771,155.Warbling_Vireo/Warbling_Vireo_0077_158427.jpg
772,155.Warbling_Vireo/Warbling_Vireo_0002_158319.jpg
773,155.Warbling_Vireo/Warbling_Vireo_0097_158579.jpg
774,155.Warbling_Vireo/Warbling_Vireo_0067_158283.jpg
775,156.White_eyed_Vireo/White_Eyed_Vireo_0082_159186.jpg
776,156.White_eyed_Vireo/White_Eyed_Vireo_0102_159420.jpg
777,156.White_eyed_Vireo/White_Eyed_Vireo_0064_159286.jpg
778,156.White_eyed_Vireo/White_Eyed_Vireo_0015_159081.jpg
779,156.White_eyed_Vireo/White_Eyed_Vireo_0042_159012.jpg
780,157.Yellow_throated_Vireo/Yellow_Throated_Vireo_0084_159639.jpg
781,157.Yellow_throated_Vireo/Yellow_Throated_Vireo_0008_159573.jpg
782,157.Yellow_throated_Vireo/Yellow_Throated_Vireo_0026_159686.jpg
783,157.Yellow_throated_Vireo/Yellow_Throated_Vireo_0006_159693.jpg
784,157.Yellow_throated_Vireo/Yellow_Throated_Vireo_0003_794974.jpg
785,158.Bay_breasted_Warbler/Bay_Breasted_Warbler_0077_797144.jpg
786,158.Bay_breasted_Warbler/Bay_Breasted_Warbler_0112_159839.jpg
787,158.Bay_breasted_Warbler/Bay_Breasted_Warbler_0060_159863.jpg
788,158.Bay_breasted_Warbler/Bay_Breasted_Warbler_0055_159740.jpg
789,158.Bay_breasted_Warbler/Bay_Breasted_Warbler_0072_797114.jpg
790,159.Black_and_white_Warbler/Black_And_White_Warbler_0041_160639.jpg
791,159.Black_and_white_Warbler/Black_And_White_Warbler_0102_160073.jpg
792,159.Black_and_white_Warbler/Black_And_White_Warbler_0046_160202.jpg
793,159.Black_and_white_Warbler/Black_And_White_Warbler_0018_160438.jpg
794,159.Black_and_white_Warbler/Black_And_White_Warbler_0001_160352.jpg
795,160.Black_throated_Blue_Warbler/Black_Throated_Blue_Warbler_0106_161523.jpg
796,160.Black_throated_Blue_Warbler/Black_Throated_Blue_Warbler_0063_161213.jpg
797,160.Black_throated_Blue_Warbler/Black_Throated_Blue_Warbler_0024_161619.jpg
798,160.Black_throated_Blue_Warbler/Black_Throated_Blue_Warbler_0108_161714.jpg
799,160.Black_throated_Blue_Warbler/Black_Throated_Blue_Warbler_0083_161462.jpg
800,161.Blue_winged_Warbler/Blue_Winged_Warbler_0009_161880.jpg
801,161.Blue_winged_Warbler/Blue_Winged_Warbler_0037_161999.jpg
802,161.Blue_winged_Warbler/Blue_Winged_Warbler_0027_161795.jpg
803,161.Blue_winged_Warbler/Blue_Winged_Warbler_0075_161844.jpg
804,161.Blue_winged_Warbler/Blue_Winged_Warbler_0077_162021.jpg
805,162.Canada_Warbler/Canada_Warbler_0004_162224.jpg
806,162.Canada_Warbler/Canada_Warbler_0024_162218.jpg
807,162.Canada_Warbler/Canada_Warbler_0048_162326.jpg
808,162.Canada_Warbler/Canada_Warbler_0121_162310.jpg
809,162.Canada_Warbler/Canada_Warbler_0075_162428.jpg
810,163.Cape_May_Warbler/Cape_May_Warbler_0076_163075.jpg
811,163.Cape_May_Warbler/Cape_May_Warbler_0081_162936.jpg
812,163.Cape_May_Warbler/Cape_May_Warbler_0043_163172.jpg
813,163.Cape_May_Warbler/Cape_May_Warbler_0073_162993.jpg
814,163.Cape_May_Warbler/Cape_May_Warbler_0040_163036.jpg
815,164.Cerulean_Warbler/Cerulean_Warbler_0090_797195.jpg
816,164.Cerulean_Warbler/Cerulean_Warbler_0045_797217.jpg
817,164.Cerulean_Warbler/Cerulean_Warbler_0091_163331.jpg
818,164.Cerulean_Warbler/Cerulean_Warbler_0071_163201.jpg
819,164.Cerulean_Warbler/Cerulean_Warbler_0060_797209.jpg
820,165.Chestnut_sided_Warbler/Chestnut_Sided_Warbler_0014_163801.jpg
821,165.Chestnut_sided_Warbler/Chestnut_Sided_Warbler_0124_164109.jpg
822,165.Chestnut_sided_Warbler/Chestnut_Sided_Warbler_0075_164231.jpg
823,165.Chestnut_sided_Warbler/Chestnut_Sided_Warbler_0041_163944.jpg
824,165.Chestnut_sided_Warbler/Chestnut_Sided_Warbler_0094_164152.jpg
825,166.Golden_winged_Warbler/Golden_Winged_Warbler_0062_794850.jpg
826,166.Golden_winged_Warbler/Golden_Winged_Warbler_0046_794828.jpg
827,166.Golden_winged_Warbler/Golden_Winged_Warbler_0014_164464.jpg
828,166.Golden_winged_Warbler/Golden_Winged_Warbler_0004_164470.jpg
829,166.Golden_winged_Warbler/Golden_Winged_Warbler_0078_794827.jpg
830,167.Hooded_Warbler/Hooded_Warbler_0124_164923.jpg
831,167.Hooded_Warbler/Hooded_Warbler_0003_164915.jpg
832,167.Hooded_Warbler/Hooded_Warbler_0039_164928.jpg
833,167.Hooded_Warbler/Hooded_Warbler_0085_164846.jpg
834,167.Hooded_Warbler/Hooded_Warbler_0041_164807.jpg
835,168.Kentucky_Warbler/Kentucky_Warbler_0059_795905.jpg
836,168.Kentucky_Warbler/Kentucky_Warbler_0050_165278.jpg
837,168.Kentucky_Warbler/Kentucky_Warbler_0078_795889.jpg
838,168.Kentucky_Warbler/Kentucky_Warbler_0039_165324.jpg
839,168.Kentucky_Warbler/Kentucky_Warbler_0010_795912.jpg
840,169.Magnolia_Warbler/Magnolia_Warbler_0104_165696.jpg
841,169.Magnolia_Warbler/Magnolia_Warbler_0076_165832.jpg
842,169.Magnolia_Warbler/Magnolia_Warbler_0112_166406.jpg
843,169.Magnolia_Warbler/Magnolia_Warbler_0123_166389.jpg
844,169.Magnolia_Warbler/Magnolia_Warbler_0042_159690.jpg
845,170.Mourning_Warbler/Mourning_Warbler_0079_166564.jpg
846,170.Mourning_Warbler/Mourning_Warbler_0049_166469.jpg
847,170.Mourning_Warbler/Mourning_Warbler_0072_795379.jpg
848,170.Mourning_Warbler/Mourning_Warbler_0074_795367.jpg
849,170.Mourning_Warbler/Mourning_Warbler_0020_166440.jpg
850,171.Myrtle_Warbler/Myrtle_Warbler_0112_166754.jpg
851,171.Myrtle_Warbler/Myrtle_Warbler_0072_166702.jpg
852,171.Myrtle_Warbler/Myrtle_Warbler_0084_166747.jpg
853,171.Myrtle_Warbler/Myrtle_Warbler_0101_166942.jpg
854,171.Myrtle_Warbler/Myrtle_Warbler_0036_166833.jpg
855,172.Nashville_Warbler/Nashville_Warbler_0040_167454.jpg
856,172.Nashville_Warbler/Nashville_Warbler_0036_167461.jpg
857,172.Nashville_Warbler/Nashville_Warbler_0048_167071.jpg
858,172.Nashville_Warbler/Nashville_Warbler_0128_166444.jpg
859,172.Nashville_Warbler/Nashville_Warbler_0053_167403.jpg
860,173.Orange_crowned_Warbler/Orange_Crowned_Warbler_0052_168013.jpg
861,173.Orange_crowned_Warbler/Orange_Crowned_Warbler_0079_168372.jpg
862,173.Orange_crowned_Warbler/Orange_Crowned_Warbler_0103_168566.jpg
863,173.Orange_crowned_Warbler/Orange_Crowned_Warbler_0062_168119.jpg
864,173.Orange_crowned_Warbler/Orange_Crowned_Warbler_0034_168185.jpg
865,174.Palm_Warbler/Palm_Warbler_0093_170499.jpg
866,174.Palm_Warbler/Palm_Warbler_0113_170080.jpg
867,174.Palm_Warbler/Palm_Warbler_0136_170276.jpg
868,174.Palm_Warbler/Palm_Warbler_0020_168857.jpg
869,174.Palm_Warbler/Palm_Warbler_0083_170281.jpg
870,175.Pine_Warbler/Pine_Warbler_0129_171035.jpg
871,175.Pine_Warbler/Pine_Warbler_0126_171282.jpg
872,175.Pine_Warbler/Pine_Warbler_0078_171374.jpg
873,175.Pine_Warbler/Pine_Warbler_0088_170980.jpg
874,175.Pine_Warbler/Pine_Warbler_0106_171107.jpg
875,176.Prairie_Warbler/Prairie_Warbler_0082_172783.jpg
876,176.Prairie_Warbler/Prairie_Warbler_0105_172982.jpg
877,176.Prairie_Warbler/Prairie_Warbler_0007_173081.jpg
878,176.Prairie_Warbler/Prairie_Warbler_0063_172682.jpg
879,176.Prairie_Warbler/Prairie_Warbler_0051_172585.jpg
880,177.Prothonotary_Warbler/Prothonotary_Warbler_0076_174118.jpg
881,177.Prothonotary_Warbler/Prothonotary_Warbler_0063_173830.jpg
882,177.Prothonotary_Warbler/Prothonotary_Warbler_0045_173536.jpg
883,177.Prothonotary_Warbler/Prothonotary_Warbler_0037_173418.jpg
884,177.Prothonotary_Warbler/Prothonotary_Warbler_0098_173913.jpg
885,178.Swainson_Warbler/Swainson_Warbler_0007_174745.jpg
886,178.Swainson_Warbler/Swainson_Warbler_0048_794887.jpg
887,178.Swainson_Warbler/Swainson_Warbler_0044_794894.jpg
888,178.Swainson_Warbler/Swainson_Warbler_0038_794882.jpg
889,178.Swainson_Warbler/Swainson_Warbler_0022_794868.jpg
890,179.Tennessee_Warbler/Tennessee_Warbler_0023_174977.jpg
891,179.Tennessee_Warbler/Tennessee_Warbler_0030_172338.jpg
892,179.Tennessee_Warbler/Tennessee_Warbler_0100_175168.jpg
893,179.Tennessee_Warbler/Tennessee_Warbler_0061_174775.jpg
894,179.Tennessee_Warbler/Tennessee_Warbler_0096_174993.jpg
895,180.Wilson_Warbler/Wilson_Warbler_0045_175623.jpg
896,180.Wilson_Warbler/Wilson_Warbler_0129_175256.jpg
897,180.Wilson_Warbler/Wilson_Warbler_0117_175262.jpg
898,180.Wilson_Warbler/Wilson_Warbler_0136_175186.jpg
899,180.Wilson_Warbler/Wilson_Warbler_0089_175619.jpg
900,181.Worm_eating_Warbler/Worm_Eating_Warbler_0101_795557.jpg
901,181.Worm_eating_Warbler/Worm_Eating_Warbler_0081_175971.jpg
902,181.Worm_eating_Warbler/Worm_Eating_Warbler_0004_795550.jpg
903,181.Worm_eating_Warbler/Worm_Eating_Warbler_0102_176069.jpg
904,181.Worm_eating_Warbler/Worm_Eating_Warbler_0065_795551.jpg
905,182.Yellow_Warbler/Yellow_Warbler_0039_176444.jpg
906,182.Yellow_Warbler/Yellow_Warbler_0020_176364.jpg
907,182.Yellow_Warbler/Yellow_Warbler_0007_176616.jpg
908,182.Yellow_Warbler/Yellow_Warbler_0097_176538.jpg
909,182.Yellow_Warbler/Yellow_Warbler_0018_176674.jpg
910,183.Northern_Waterthrush/Northern_Waterthrush_0011_177311.jpg
911,183.Northern_Waterthrush/Northern_Waterthrush_0049_177173.jpg
912,183.Northern_Waterthrush/Northern_Waterthrush_0061_177172.jpg
913,183.Northern_Waterthrush/Northern_Waterthrush_0016_177345.jpg
914,183.Northern_Waterthrush/Northern_Waterthrush_0105_176970.jpg
915,184.Louisiana_Waterthrush/Louisiana_Waterthrush_0034_795242.jpg
916,184.Louisiana_Waterthrush/Louisiana_Waterthrush_0035_177457.jpg
917,184.Louisiana_Waterthrush/Louisiana_Waterthrush_0042_177551.jpg
918,184.Louisiana_Waterthrush/Louisiana_Waterthrush_0077_795247.jpg
919,184.Louisiana_Waterthrush/Louisiana_Waterthrush_0056_795245.jpg
920,185.Bohemian_Waxwing/Bohemian_Waxwing_0114_177621.jpg
921,185.Bohemian_Waxwing/Bohemian_Waxwing_0096_177969.jpg
922,185.Bohemian_Waxwing/Bohemian_Waxwing_0028_796647.jpg
923,185.Bohemian_Waxwing/Bohemian_Waxwing_0022_177642.jpg
924,185.Bohemian_Waxwing/Bohemian_Waxwing_0091_796634.jpg
925,186.Cedar_Waxwing/Cedar_Waxwing_0118_178779.jpg
926,186.Cedar_Waxwing/Cedar_Waxwing_0031_178929.jpg
927,186.Cedar_Waxwing/Cedar_Waxwing_0094_178049.jpg
928,186.Cedar_Waxwing/Cedar_Waxwing_0054_178141.jpg
929,186.Cedar_Waxwing/Cedar_Waxwing_0006_179394.jpg
930,187.American_Three_toed_Woodpecker/American_Three_Toed_Woodpecker_0025_179918.jpg
931,187.American_Three_toed_Woodpecker/American_Three_Toed_Woodpecker_0007_179932.jpg
932,187.American_Three_toed_Woodpecker/American_Three_Toed_Woodpecker_0001_179912.jpg
933,187.American_Three_toed_Woodpecker/American_Three_Toed_Woodpecker_0008_179850.jpg
934,187.American_Three_toed_Woodpecker/American_Three_Toed_Woodpecker_0046_796153.jpg
935,188.Pileated_Woodpecker/Pileated_Woodpecker_0056_180094.jpg
936,188.Pileated_Woodpecker/Pileated_Woodpecker_0034_180419.jpg
937,188.Pileated_Woodpecker/Pileated_Woodpecker_0110_180521.jpg
938,188.Pileated_Woodpecker/Pileated_Woodpecker_0033_180179.jpg
939,188.Pileated_Woodpecker/Pileated_Woodpecker_0105_180246.jpg
940,189.Red_bellied_Woodpecker/Red_Bellied_Woodpecker_0115_180775.jpg
941,189.Red_bellied_Woodpecker/Red_Bellied_Woodpecker_0114_181092.jpg
942,189.Red_bellied_Woodpecker/Red_Bellied_Woodpecker_0069_181248.jpg
943,189.Red_bellied_Woodpecker/Red_Bellied_Woodpecker_0058_182317.jpg
944,189.Red_bellied_Woodpecker/Red_Bellied_Woodpecker_0017_181131.jpg
945,190.Red_cockaded_Woodpecker/Red_Cockaded_Woodpecker_0007_794755.jpg
946,190.Red_cockaded_Woodpecker/Red_Cockaded_Woodpecker_0012_794697.jpg
947,190.Red_cockaded_Woodpecker/Red_Cockaded_Woodpecker_0037_794733.jpg
948,190.Red_cockaded_Woodpecker/Red_Cockaded_Woodpecker_0027_794713.jpg
949,190.Red_cockaded_Woodpecker/Red_Cockaded_Woodpecker_0029_794724.jpg
950,191.Red_headed_Woodpecker/Red_Headed_Woodpecker_0055_183515.jpg
951,191.Red_headed_Woodpecker/Red_Headed_Woodpecker_0095_183688.jpg
952,191.Red_headed_Woodpecker/Red_Headed_Woodpecker_0020_183255.jpg
953,191.Red_headed_Woodpecker/Red_Headed_Woodpecker_0017_183777.jpg
954,191.Red_headed_Woodpecker/Red_Headed_Woodpecker_0068_183662.jpg
955,192.Downy_Woodpecker/Downy_Woodpecker_0096_184532.jpg
956,192.Downy_Woodpecker/Downy_Woodpecker_0031_184120.jpg
957,192.Downy_Woodpecker/Downy_Woodpecker_0062_184343.jpg
958,192.Downy_Woodpecker/Downy_Woodpecker_0123_184692.jpg
959,192.Downy_Woodpecker/Downy_Woodpecker_0049_183920.jpg
960,193.Bewick_Wren/Bewick_Wren_0088_184733.jpg
961,193.Bewick_Wren/Bewick_Wren_0104_185256.jpg
962,193.Bewick_Wren/Bewick_Wren_0065_185247.jpg
963,193.Bewick_Wren/Bewick_Wren_0067_184816.jpg
964,193.Bewick_Wren/Bewick_Wren_0010_185142.jpg
965,194.Cactus_Wren/Cactus_Wren_0123_186068.jpg
966,194.Cactus_Wren/Cactus_Wren_0086_185630.jpg
967,194.Cactus_Wren/Cactus_Wren_0008_186083.jpg
968,194.Cactus_Wren/Cactus_Wren_0034_185817.jpg
969,194.Cactus_Wren/Cactus_Wren_0089_186023.jpg
970,195.Carolina_Wren/Carolina_Wren_0122_186365.jpg
971,195.Carolina_Wren/Carolina_Wren_0112_186562.jpg
972,195.Carolina_Wren/Carolina_Wren_0095_186561.jpg
973,195.Carolina_Wren/Carolina_Wren_0049_186129.jpg
974,195.Carolina_Wren/Carolina_Wren_0055_186154.jpg
975,196.House_Wren/House_Wren_0085_187723.jpg
976,196.House_Wren/House_Wren_0119_187552.jpg
977,196.House_Wren/House_Wren_0087_187946.jpg
978,196.House_Wren/House_Wren_0097_187760.jpg
979,196.House_Wren/House_Wren_0035_187708.jpg
980,197.Marsh_Wren/Marsh_Wren_0122_188323.jpg
981,197.Marsh_Wren/Marsh_Wren_0095_188371.jpg
982,197.Marsh_Wren/Marsh_Wren_0012_188275.jpg
983,197.Marsh_Wren/Marsh_Wren_0027_188376.jpg
984,197.Marsh_Wren/Marsh_Wren_0118_188512.jpg
985,198.Rock_Wren/Rock_Wren_0080_189340.jpg
986,198.Rock_Wren/Rock_Wren_0003_189167.jpg
987,198.Rock_Wren/Rock_Wren_0121_188974.jpg
988,198.Rock_Wren/Rock_Wren_0033_189397.jpg
989,198.Rock_Wren/Rock_Wren_0122_189042.jpg
990,199.Winter_Wren/Winter_Wren_0081_190049.jpg
991,199.Winter_Wren/Winter_Wren_0051_189990.jpg
992,199.Winter_Wren/Winter_Wren_0109_189850.jpg
993,199.Winter_Wren/Winter_Wren_0072_189521.jpg
994,199.Winter_Wren/Winter_Wren_0130_189531.jpg
995,200.Common_Yellowthroat/Common_Yellowthroat_0098_190430.jpg
996,200.Common_Yellowthroat/Common_Yellowthroat_0003_190521.jpg
997,200.Common_Yellowthroat/Common_Yellowthroat_0015_190556.jpg
998,200.Common_Yellowthroat/Common_Yellowthroat_0006_190576.jpg
999,200.Common_Yellowthroat/Common_Yellowthroat_0032_190592.jpg
